-- phpMyAdmin SQL Dump
-- version 4.9.2
-- https://www.phpmyadmin.net/
--
-- Hôte : 127.0.0.1:3306
-- Généré le :  lun. 29 juin 2020 à 07:36
-- Version du serveur :  8.0.18
-- Version de PHP :  7.3.12

SET SQL_MODE = "NO_AUTO_VALUE_ON_ZERO";
SET AUTOCOMMIT = 0;
START TRANSACTION;
SET time_zone = "+00:00";


/*!40101 SET @OLD_CHARACTER_SET_CLIENT=@@CHARACTER_SET_CLIENT */;
/*!40101 SET @OLD_CHARACTER_SET_RESULTS=@@CHARACTER_SET_RESULTS */;
/*!40101 SET @OLD_COLLATION_CONNECTION=@@COLLATION_CONNECTION */;
/*!40101 SET NAMES utf8mb4 */;

--
-- Base de données :  `projet_5`
--

-- --------------------------------------------------------

--
-- Structure de la table `comment`
--

DROP TABLE IF EXISTS `comment`;
CREATE TABLE IF NOT EXISTS `comment` (
  `id_comment` int(11) NOT NULL AUTO_INCREMENT,
  `content` text NOT NULL,
  `date_creation` datetime NOT NULL DEFAULT CURRENT_TIMESTAMP,
  `validation` tinyint(1) NOT NULL,
  `user_id` int(11) NOT NULL,
  `post_id` int(11) NOT NULL,
  PRIMARY KEY (`id_comment`),
  KEY `id_comment_id_post` (`post_id`),
  KEY `id_comment_id_user` (`user_id`)
) ENGINE=InnoDB AUTO_INCREMENT=39 DEFAULT CHARSET=utf8;

--
-- Déchargement des données de la table `comment`
--

INSERT INTO `comment` (`id_comment`, `content`, `date_creation`, `validation`, `user_id`, `post_id`) VALUES
(1, 'commentaire 1', '2020-06-26 16:36:20', 1, 2, 1),
(2, 'commentaire 2', '2020-06-26 16:36:25', 1, 2, 1),
(3, 'commentaire 3', '2020-06-26 16:36:32', 1, 2, 1),
(4, 'commentaire 4', '2020-06-26 16:36:37', 1, 2, 1),
(5, 'commentaire 1', '2020-06-26 16:37:05', 1, 2, 2),
(6, 'commentaire 2', '2020-06-26 16:37:12', 1, 2, 2),
(7, 'commentaire 3', '2020-06-26 16:37:16', 1, 2, 2),
(8, 'commentaire 5', '2020-06-26 16:37:33', 1, 2, 2),
(9, 'commentaire 1', '2020-06-26 16:38:00', 1, 2, 3),
(10, 'commentaire 2', '2020-06-26 16:38:04', 1, 2, 3),
(11, 'commentaire 1', '2020-06-26 16:38:16', 1, 2, 4),
(12, 'commentaire 2', '2020-06-26 16:38:28', 1, 2, 4),
(13, 'commentaire 1', '2020-06-26 16:38:40', 1, 2, 5),
(14, 'commentaire 1', '2020-06-26 16:38:54', 1, 2, 6),
(15, 'commentaire 1', '2020-06-26 16:39:08', 1, 2, 7),
(16, 'commentaire 1', '2020-06-26 16:39:23', 1, 2, 8),
(17, 'commentaire 2', '2020-06-26 16:39:27', 1, 2, 8),
(19, 'commentaire 1', '2020-06-26 16:39:46', 1, 2, 10),
(20, 'commentaire 2', '2020-06-26 16:39:51', 1, 2, 10),
(21, 'commentaire 3', '2020-06-26 16:39:56', 1, 2, 10),
(22, 'commentaire 1', '2020-06-26 16:40:04', 1, 2, 11),
(23, 'commentaire 2', '2020-06-26 16:40:09', 1, 2, 11),
(24, 'commentaire 3', '2020-06-26 16:40:35', 1, 1, 11),
(25, 'commentaire 4', '2020-06-26 16:40:41', 1, 1, 11),
(26, 'commentaire 5', '2020-06-26 16:40:46', 1, 1, 11),
(27, 'commentaire 6', '2020-06-26 16:40:50', 1, 1, 11),
(28, 'commentaire 7', '2020-06-26 16:40:55', 1, 1, 11),
(29, 'commentaire 8', '2020-06-26 16:44:57', 1, 1, 11),
(30, 'commentaire 9', '2020-06-26 16:45:55', 1, 3, 11),
(31, 'commentaire 10', '2020-06-26 16:47:12', 1, 4, 11),
(32, 'commentaire 11', '2020-06-26 16:47:21', 1, 4, 11),
(33, 'commentaire 12', '2020-06-26 16:49:54', 1, 4, 11),
(34, 'Temporibus autem quibusdam et aut officiis debitis aut rerum necessitatibus saepe eveniet ut et voluptates repudiandae sint et molestiae non recusandae.\r\nCorrupti quos dolores et quas molestias excepturi sint occaecati. Animi, id est laborum et dolorum fuga. Qui officia deserunt mollit anim id est laborum. Itaque earum rerum hic tenetur a sapiente delectus.\r\n\r\nNon numquam eius modi tempora incidunt ut labore et dolore magnam aliquam quaerat voluptatem.\r\nNam libero tempore, cum soluta nobis est eligendi optio cumque nihil impedit quo minus id quod maxime placeat.\r\nUt enim ad minima veniam, quis nostrum exercitationem ullam corporis suscipit laboriosam.', '2020-06-26 16:50:19', 1, 4, 11),
(36, 'commentaire 14', '2020-06-29 09:34:05', 1, 1, 11),
(37, 'commentaire 15', '2020-06-29 09:34:25', 1, 4, 11),
(38, 'commentaire 16', '2020-06-29 09:34:45', 1, 3, 11);

-- --------------------------------------------------------

--
-- Structure de la table `post`
--

DROP TABLE IF EXISTS `post`;
CREATE TABLE IF NOT EXISTS `post` (
  `id_post` int(11) NOT NULL AUTO_INCREMENT,
  `title` varchar(255) NOT NULL,
  `chapo` varchar(255) NOT NULL,
  `content` text NOT NULL,
  `date_creation` datetime NOT NULL,
  `date_last_update` datetime DEFAULT NULL,
  `user_id` int(11) NOT NULL,
  PRIMARY KEY (`id_post`),
  KEY `post_id_user_id` (`user_id`)
) ENGINE=InnoDB AUTO_INCREMENT=12 DEFAULT CHARSET=utf8;

--
-- Déchargement des données de la table `post`
--

INSERT INTO `post` (`id_post`, `title`, `chapo`, `content`, `date_creation`, `date_last_update`, `user_id`) VALUES
(1, 'Nouvelle article 1', 'Chapô de l\'article 1', 'Lorem ipsum dolor sit amet, consectetur adipisicing elit.\r\nLorem ipsum dolor sit amet, consectetur adipisicing elit. Temporibus autem quibusdam et aut officiis debitis aut rerum necessitatibus saepe eveniet ut et voluptates repudiandae sint et molestiae non recusandae.\r\n\r\nTotam rem aperiam. Neque porro quisquam est, qui dolorem ipsum quia dolor sit amet, consectetur, adipisci velit. Nemo enim ipsam voluptatem quia voluptas sit aspernatur aut odit aut fugit. Itaque earum rerum hic tenetur a sapiente delectus.\r\n\r\nSed ut perspiciatis unde omnis iste natus error sit voluptatem.\r\nLorem ipsum dolor sit amet, consectetur adipisicing elit. Fugiat quo voluptas nulla pariatur? Laboris nisi ut aliquip ex ea commodo consequat. Lorem ipsum dolor sit amet, consectetur adipisicing elit. Facere possimus, omnis voluptas assumenda est, omnis dolor repellendus.\r\n\r\nTemporibus autem quibusdam et aut officiis debitis aut rerum necessitatibus saepe eveniet ut et voluptates repudiandae sint et molestiae non recusandae.\r\nUt enim ad minim veniam, quis nostrud exercitation ullamco.\r\nDuis aute irure dolor in reprehenderit in voluptate velit.\r\nFugiat quo voluptas nulla pariatur?\r\nExcepteur sint occaecat cupidatat non proident, sunt in culpa. Fugiat quo voluptas nulla pariatur? Lorem ipsum dolor sit amet, consectetur adipisicing elit. Ut aut reiciendis voluptatibus maiores alias consequatur aut perferendis doloribus asperiores repellat.\r\n\r\nCupiditate non provident, similique sunt in culpa qui officia deserunt mollitia.\r\nNeque porro quisquam est, qui dolorem ipsum quia dolor sit amet, consectetur, adipisci velit.\r\nExcepteur sint occaecat cupidatat non proident, sunt in culpa.\r\nAt vero eos et accusamus. Duis aute irure dolor in reprehenderit in voluptate velit. Facere possimus, omnis voluptas assumenda est, omnis dolor repellendus. Sed ut perspiciatis unde omnis iste natus error sit voluptatem.\r\n\r\nItaque earum rerum hic tenetur a sapiente delectus. Neque porro quisquam est, qui dolorem ipsum quia dolor sit amet, consectetur, adipisci velit. Animi, id est laborum et dolorum fuga. At vero eos et accusamus.\r\n\r\nArchitecto beatae vitae dicta sunt explicabo. At vero eos et accusamus. Accusantium doloremque laudantium, totam rem aperiam, eaque ipsa quae ab illo. Ut enim ad minim veniam, quis nostrud exercitation ullamco.\r\n\r\nAnimi, id est laborum et dolorum fuga. Et harum quidem rerum facilis est et expedita distinctio. Nihil molestiae consequatur, vel illum qui dolorem eum. Non numquam eius modi tempora incidunt ut labore et dolore magnam aliquam quaerat voluptatem.\r\n\r\nUt aut reiciendis voluptatibus maiores alias consequatur aut perferendis doloribus asperiores repellat. Lorem ipsum dolor sit amet, consectetur adipisicing elit. Duis aute irure dolor in reprehenderit in voluptate velit.\r\n\r\nAt vero eos et accusamus. Sed ut perspiciatis unde omnis iste natus error sit voluptatem. Fugiat quo voluptas nulla pariatur? Cupiditate non provident, similique sunt in culpa qui officia deserunt mollitia.\r\n\r\nAt vero eos et accusamus. Architecto beatae vitae dicta sunt explicabo. Nisi ut aliquid ex ea commodi consequatur? Quis autem vel eum iure reprehenderit qui in ea voluptate velit esse quam. Fugiat quo voluptas nulla pariatur?\r\n\r\nAt vero eos et accusamus. Duis aute irure dolor in reprehenderit in voluptate velit. Esse cillum dolore eu fugiat nulla pariatur. Nihil molestiae consequatur, vel illum qui dolorem eum. Excepteur sint occaecat cupidatat non proident, sunt in culpa.\r\n\r\nCupiditate non provident, similique sunt in culpa qui officia deserunt mollitia. Neque porro quisquam est, qui dolorem ipsum quia dolor sit amet, consectetur, adipisci velit. Fugiat quo voluptas nulla pariatur?\r\n\r\nExcepteur sint occaecat cupidatat non proident, sunt in culpa. Et iusto odio dignissimos ducimus qui blanditiis praesentium voluptatum deleniti atque. Non numquam eius modi tempora incidunt ut labore et dolore magnam aliquam quaerat voluptatem.\r\n\r\nUt enim ad minim veniam, quis nostrud exercitation ullamco. Esse cillum dolore eu fugiat nulla pariatur. Do eiusmod tempor incididunt ut labore et dolore magna aliqua. Fugiat quo voluptas nulla pariatur?', '2020-06-24 13:59:15', NULL, 1),
(2, 'Nouvelle article 2', 'Chapô de l\'article 2', 'Lorem ipsum dolor sit amet, consectetur adipisicing elit.\r\nLorem ipsum dolor sit amet, consectetur adipisicing elit. Temporibus autem quibusdam et aut officiis debitis aut rerum necessitatibus saepe eveniet ut et voluptates repudiandae sint et molestiae non recusandae.\r\n\r\nTotam rem aperiam. Neque porro quisquam est, qui dolorem ipsum quia dolor sit amet, consectetur, adipisci velit. Nemo enim ipsam voluptatem quia voluptas sit aspernatur aut odit aut fugit. Itaque earum rerum hic tenetur a sapiente delectus.\r\n\r\nSed ut perspiciatis unde omnis iste natus error sit voluptatem.\r\nLorem ipsum dolor sit amet, consectetur adipisicing elit. Fugiat quo voluptas nulla pariatur? Laboris nisi ut aliquip ex ea commodo consequat. Lorem ipsum dolor sit amet, consectetur adipisicing elit. Facere possimus, omnis voluptas assumenda est, omnis dolor repellendus.\r\n\r\nTemporibus autem quibusdam et aut officiis debitis aut rerum necessitatibus saepe eveniet ut et voluptates repudiandae sint et molestiae non recusandae.\r\nUt enim ad minim veniam, quis nostrud exercitation ullamco.\r\nDuis aute irure dolor in reprehenderit in voluptate velit.\r\nFugiat quo voluptas nulla pariatur?\r\nExcepteur sint occaecat cupidatat non proident, sunt in culpa. Fugiat quo voluptas nulla pariatur? Lorem ipsum dolor sit amet, consectetur adipisicing elit. Ut aut reiciendis voluptatibus maiores alias consequatur aut perferendis doloribus asperiores repellat.\r\n\r\nCupiditate non provident, similique sunt in culpa qui officia deserunt mollitia.\r\nNeque porro quisquam est, qui dolorem ipsum quia dolor sit amet, consectetur, adipisci velit.\r\nExcepteur sint occaecat cupidatat non proident, sunt in culpa.\r\nAt vero eos et accusamus. Duis aute irure dolor in reprehenderit in voluptate velit. Facere possimus, omnis voluptas assumenda est, omnis dolor repellendus. Sed ut perspiciatis unde omnis iste natus error sit voluptatem.\r\n\r\nItaque earum rerum hic tenetur a sapiente delectus. Neque porro quisquam est, qui dolorem ipsum quia dolor sit amet, consectetur, adipisci velit. Animi, id est laborum et dolorum fuga. At vero eos et accusamus.\r\n\r\nArchitecto beatae vitae dicta sunt explicabo. At vero eos et accusamus. Accusantium doloremque laudantium, totam rem aperiam, eaque ipsa quae ab illo. Ut enim ad minim veniam, quis nostrud exercitation ullamco.\r\n\r\nAnimi, id est laborum et dolorum fuga. Et harum quidem rerum facilis est et expedita distinctio. Nihil molestiae consequatur, vel illum qui dolorem eum. Non numquam eius modi tempora incidunt ut labore et dolore magnam aliquam quaerat voluptatem.\r\n\r\nUt aut reiciendis voluptatibus maiores alias consequatur aut perferendis doloribus asperiores repellat. Lorem ipsum dolor sit amet, consectetur adipisicing elit. Duis aute irure dolor in reprehenderit in voluptate velit.\r\n\r\nAt vero eos et accusamus. Sed ut perspiciatis unde omnis iste natus error sit voluptatem. Fugiat quo voluptas nulla pariatur? Cupiditate non provident, similique sunt in culpa qui officia deserunt mollitia.\r\n\r\nAt vero eos et accusamus. Architecto beatae vitae dicta sunt explicabo. Nisi ut aliquid ex ea commodi consequatur? Quis autem vel eum iure reprehenderit qui in ea voluptate velit esse quam. Fugiat quo voluptas nulla pariatur?\r\n\r\nAt vero eos et accusamus. Duis aute irure dolor in reprehenderit in voluptate velit. Esse cillum dolore eu fugiat nulla pariatur. Nihil molestiae consequatur, vel illum qui dolorem eum. Excepteur sint occaecat cupidatat non proident, sunt in culpa.\r\n\r\nCupiditate non provident, similique sunt in culpa qui officia deserunt mollitia. Neque porro quisquam est, qui dolorem ipsum quia dolor sit amet, consectetur, adipisci velit. Fugiat quo voluptas nulla pariatur?\r\n\r\nExcepteur sint occaecat cupidatat non proident, sunt in culpa. Et iusto odio dignissimos ducimus qui blanditiis praesentium voluptatum deleniti atque. Non numquam eius modi tempora incidunt ut labore et dolore magnam aliquam quaerat voluptatem.\r\n\r\nUt enim ad minim veniam, quis nostrud exercitation ullamco. Esse cillum dolore eu fugiat nulla pariatur. Do eiusmod tempor incididunt ut labore et dolore magna aliqua. Fugiat quo voluptas nulla pariatur?', '2020-06-24 14:02:03', NULL, 1),
(3, 'Nouvelle article 3', 'Chapô de l\'article 3', 'Lorem ipsum dolor sit amet, consectetur adipisicing elit.\r\nLorem ipsum dolor sit amet, consectetur adipisicing elit. Temporibus autem quibusdam et aut officiis debitis aut rerum necessitatibus saepe eveniet ut et voluptates repudiandae sint et molestiae non recusandae.\r\n\r\nTotam rem aperiam. Neque porro quisquam est, qui dolorem ipsum quia dolor sit amet, consectetur, adipisci velit. Nemo enim ipsam voluptatem quia voluptas sit aspernatur aut odit aut fugit. Itaque earum rerum hic tenetur a sapiente delectus.\r\n\r\nSed ut perspiciatis unde omnis iste natus error sit voluptatem.\r\nLorem ipsum dolor sit amet, consectetur adipisicing elit. Fugiat quo voluptas nulla pariatur? Laboris nisi ut aliquip ex ea commodo consequat. Lorem ipsum dolor sit amet, consectetur adipisicing elit. Facere possimus, omnis voluptas assumenda est, omnis dolor repellendus.\r\n\r\nTemporibus autem quibusdam et aut officiis debitis aut rerum necessitatibus saepe eveniet ut et voluptates repudiandae sint et molestiae non recusandae.\r\nUt enim ad minim veniam, quis nostrud exercitation ullamco.\r\nDuis aute irure dolor in reprehenderit in voluptate velit.\r\nFugiat quo voluptas nulla pariatur?\r\nExcepteur sint occaecat cupidatat non proident, sunt in culpa. Fugiat quo voluptas nulla pariatur? Lorem ipsum dolor sit amet, consectetur adipisicing elit. Ut aut reiciendis voluptatibus maiores alias consequatur aut perferendis doloribus asperiores repellat.\r\n\r\nCupiditate non provident, similique sunt in culpa qui officia deserunt mollitia.\r\nNeque porro quisquam est, qui dolorem ipsum quia dolor sit amet, consectetur, adipisci velit.\r\nExcepteur sint occaecat cupidatat non proident, sunt in culpa.\r\nAt vero eos et accusamus. Duis aute irure dolor in reprehenderit in voluptate velit. Facere possimus, omnis voluptas assumenda est, omnis dolor repellendus. Sed ut perspiciatis unde omnis iste natus error sit voluptatem.\r\n\r\nItaque earum rerum hic tenetur a sapiente delectus. Neque porro quisquam est, qui dolorem ipsum quia dolor sit amet, consectetur, adipisci velit. Animi, id est laborum et dolorum fuga. At vero eos et accusamus.\r\n\r\nArchitecto beatae vitae dicta sunt explicabo. At vero eos et accusamus. Accusantium doloremque laudantium, totam rem aperiam, eaque ipsa quae ab illo. Ut enim ad minim veniam, quis nostrud exercitation ullamco.\r\n\r\nAnimi, id est laborum et dolorum fuga. Et harum quidem rerum facilis est et expedita distinctio. Nihil molestiae consequatur, vel illum qui dolorem eum. Non numquam eius modi tempora incidunt ut labore et dolore magnam aliquam quaerat voluptatem.\r\n\r\nUt aut reiciendis voluptatibus maiores alias consequatur aut perferendis doloribus asperiores repellat. Lorem ipsum dolor sit amet, consectetur adipisicing elit. Duis aute irure dolor in reprehenderit in voluptate velit.\r\n\r\nAt vero eos et accusamus. Sed ut perspiciatis unde omnis iste natus error sit voluptatem. Fugiat quo voluptas nulla pariatur? Cupiditate non provident, similique sunt in culpa qui officia deserunt mollitia.\r\n\r\nAt vero eos et accusamus. Architecto beatae vitae dicta sunt explicabo. Nisi ut aliquid ex ea commodi consequatur? Quis autem vel eum iure reprehenderit qui in ea voluptate velit esse quam. Fugiat quo voluptas nulla pariatur?\r\n\r\nAt vero eos et accusamus. Duis aute irure dolor in reprehenderit in voluptate velit. Esse cillum dolore eu fugiat nulla pariatur. Nihil molestiae consequatur, vel illum qui dolorem eum. Excepteur sint occaecat cupidatat non proident, sunt in culpa.\r\n\r\nCupiditate non provident, similique sunt in culpa qui officia deserunt mollitia. Neque porro quisquam est, qui dolorem ipsum quia dolor sit amet, consectetur, adipisci velit. Fugiat quo voluptas nulla pariatur?\r\n\r\nExcepteur sint occaecat cupidatat non proident, sunt in culpa. Et iusto odio dignissimos ducimus qui blanditiis praesentium voluptatum deleniti atque. Non numquam eius modi tempora incidunt ut labore et dolore magnam aliquam quaerat voluptatem.\r\n\r\nUt enim ad minim veniam, quis nostrud exercitation ullamco. Esse cillum dolore eu fugiat nulla pariatur. Do eiusmod tempor incididunt ut labore et dolore magna aliqua. Fugiat quo voluptas nulla pariatur?', '2020-06-24 14:02:18', NULL, 1),
(4, 'Nouvelle article 4', 'Chapô de l\'article 4', 'Lorem ipsum dolor sit amet, consectetur adipisicing elit.\r\nLorem ipsum dolor sit amet, consectetur adipisicing elit. Temporibus autem quibusdam et aut officiis debitis aut rerum necessitatibus saepe eveniet ut et voluptates repudiandae sint et molestiae non recusandae.\r\n\r\nTotam rem aperiam. Neque porro quisquam est, qui dolorem ipsum quia dolor sit amet, consectetur, adipisci velit. Nemo enim ipsam voluptatem quia voluptas sit aspernatur aut odit aut fugit. Itaque earum rerum hic tenetur a sapiente delectus.\r\n\r\nSed ut perspiciatis unde omnis iste natus error sit voluptatem.\r\nLorem ipsum dolor sit amet, consectetur adipisicing elit. Fugiat quo voluptas nulla pariatur? Laboris nisi ut aliquip ex ea commodo consequat. Lorem ipsum dolor sit amet, consectetur adipisicing elit. Facere possimus, omnis voluptas assumenda est, omnis dolor repellendus.\r\n\r\nTemporibus autem quibusdam et aut officiis debitis aut rerum necessitatibus saepe eveniet ut et voluptates repudiandae sint et molestiae non recusandae.\r\nUt enim ad minim veniam, quis nostrud exercitation ullamco.\r\nDuis aute irure dolor in reprehenderit in voluptate velit.\r\nFugiat quo voluptas nulla pariatur?\r\nExcepteur sint occaecat cupidatat non proident, sunt in culpa. Fugiat quo voluptas nulla pariatur? Lorem ipsum dolor sit amet, consectetur adipisicing elit. Ut aut reiciendis voluptatibus maiores alias consequatur aut perferendis doloribus asperiores repellat.\r\n\r\nCupiditate non provident, similique sunt in culpa qui officia deserunt mollitia.\r\nNeque porro quisquam est, qui dolorem ipsum quia dolor sit amet, consectetur, adipisci velit.\r\nExcepteur sint occaecat cupidatat non proident, sunt in culpa.\r\nAt vero eos et accusamus. Duis aute irure dolor in reprehenderit in voluptate velit. Facere possimus, omnis voluptas assumenda est, omnis dolor repellendus. Sed ut perspiciatis unde omnis iste natus error sit voluptatem.\r\n\r\nItaque earum rerum hic tenetur a sapiente delectus. Neque porro quisquam est, qui dolorem ipsum quia dolor sit amet, consectetur, adipisci velit. Animi, id est laborum et dolorum fuga. At vero eos et accusamus.\r\n\r\nArchitecto beatae vitae dicta sunt explicabo. At vero eos et accusamus. Accusantium doloremque laudantium, totam rem aperiam, eaque ipsa quae ab illo. Ut enim ad minim veniam, quis nostrud exercitation ullamco.\r\n\r\nAnimi, id est laborum et dolorum fuga. Et harum quidem rerum facilis est et expedita distinctio. Nihil molestiae consequatur, vel illum qui dolorem eum. Non numquam eius modi tempora incidunt ut labore et dolore magnam aliquam quaerat voluptatem.\r\n\r\nUt aut reiciendis voluptatibus maiores alias consequatur aut perferendis doloribus asperiores repellat. Lorem ipsum dolor sit amet, consectetur adipisicing elit. Duis aute irure dolor in reprehenderit in voluptate velit.\r\n\r\nAt vero eos et accusamus. Sed ut perspiciatis unde omnis iste natus error sit voluptatem. Fugiat quo voluptas nulla pariatur? Cupiditate non provident, similique sunt in culpa qui officia deserunt mollitia.\r\n\r\nAt vero eos et accusamus. Architecto beatae vitae dicta sunt explicabo. Nisi ut aliquid ex ea commodi consequatur? Quis autem vel eum iure reprehenderit qui in ea voluptate velit esse quam. Fugiat quo voluptas nulla pariatur?\r\n\r\nAt vero eos et accusamus. Duis aute irure dolor in reprehenderit in voluptate velit. Esse cillum dolore eu fugiat nulla pariatur. Nihil molestiae consequatur, vel illum qui dolorem eum. Excepteur sint occaecat cupidatat non proident, sunt in culpa.\r\n\r\nCupiditate non provident, similique sunt in culpa qui officia deserunt mollitia. Neque porro quisquam est, qui dolorem ipsum quia dolor sit amet, consectetur, adipisci velit. Fugiat quo voluptas nulla pariatur?\r\n\r\nExcepteur sint occaecat cupidatat non proident, sunt in culpa. Et iusto odio dignissimos ducimus qui blanditiis praesentium voluptatum deleniti atque. Non numquam eius modi tempora incidunt ut labore et dolore magnam aliquam quaerat voluptatem.\r\n\r\nUt enim ad minim veniam, quis nostrud exercitation ullamco. Esse cillum dolore eu fugiat nulla pariatur. Do eiusmod tempor incididunt ut labore et dolore magna aliqua. Fugiat quo voluptas nulla pariatur?', '2020-06-24 14:02:33', NULL, 1),
(5, 'Nouvelle article 5', 'Chapô de l\'article 5', 'Lorem ipsum dolor sit amet, consectetur adipisicing elit.\r\nLorem ipsum dolor sit amet, consectetur adipisicing elit. Temporibus autem quibusdam et aut officiis debitis aut rerum necessitatibus saepe eveniet ut et voluptates repudiandae sint et molestiae non recusandae.\r\n\r\nTotam rem aperiam. Neque porro quisquam est, qui dolorem ipsum quia dolor sit amet, consectetur, adipisci velit. Nemo enim ipsam voluptatem quia voluptas sit aspernatur aut odit aut fugit. Itaque earum rerum hic tenetur a sapiente delectus.\r\n\r\nSed ut perspiciatis unde omnis iste natus error sit voluptatem.\r\nLorem ipsum dolor sit amet, consectetur adipisicing elit. Fugiat quo voluptas nulla pariatur? Laboris nisi ut aliquip ex ea commodo consequat. Lorem ipsum dolor sit amet, consectetur adipisicing elit. Facere possimus, omnis voluptas assumenda est, omnis dolor repellendus.\r\n\r\nTemporibus autem quibusdam et aut officiis debitis aut rerum necessitatibus saepe eveniet ut et voluptates repudiandae sint et molestiae non recusandae.\r\nUt enim ad minim veniam, quis nostrud exercitation ullamco.\r\nDuis aute irure dolor in reprehenderit in voluptate velit.\r\nFugiat quo voluptas nulla pariatur?\r\nExcepteur sint occaecat cupidatat non proident, sunt in culpa. Fugiat quo voluptas nulla pariatur? Lorem ipsum dolor sit amet, consectetur adipisicing elit. Ut aut reiciendis voluptatibus maiores alias consequatur aut perferendis doloribus asperiores repellat.\r\n\r\nCupiditate non provident, similique sunt in culpa qui officia deserunt mollitia.\r\nNeque porro quisquam est, qui dolorem ipsum quia dolor sit amet, consectetur, adipisci velit.\r\nExcepteur sint occaecat cupidatat non proident, sunt in culpa.\r\nAt vero eos et accusamus. Duis aute irure dolor in reprehenderit in voluptate velit. Facere possimus, omnis voluptas assumenda est, omnis dolor repellendus. Sed ut perspiciatis unde omnis iste natus error sit voluptatem.\r\n\r\nItaque earum rerum hic tenetur a sapiente delectus. Neque porro quisquam est, qui dolorem ipsum quia dolor sit amet, consectetur, adipisci velit. Animi, id est laborum et dolorum fuga. At vero eos et accusamus.\r\n\r\nArchitecto beatae vitae dicta sunt explicabo. At vero eos et accusamus. Accusantium doloremque laudantium, totam rem aperiam, eaque ipsa quae ab illo. Ut enim ad minim veniam, quis nostrud exercitation ullamco.\r\n\r\nAnimi, id est laborum et dolorum fuga. Et harum quidem rerum facilis est et expedita distinctio. Nihil molestiae consequatur, vel illum qui dolorem eum. Non numquam eius modi tempora incidunt ut labore et dolore magnam aliquam quaerat voluptatem.\r\n\r\nUt aut reiciendis voluptatibus maiores alias consequatur aut perferendis doloribus asperiores repellat. Lorem ipsum dolor sit amet, consectetur adipisicing elit. Duis aute irure dolor in reprehenderit in voluptate velit.\r\n\r\nAt vero eos et accusamus. Sed ut perspiciatis unde omnis iste natus error sit voluptatem. Fugiat quo voluptas nulla pariatur? Cupiditate non provident, similique sunt in culpa qui officia deserunt mollitia.\r\n\r\nAt vero eos et accusamus. Architecto beatae vitae dicta sunt explicabo. Nisi ut aliquid ex ea commodi consequatur? Quis autem vel eum iure reprehenderit qui in ea voluptate velit esse quam. Fugiat quo voluptas nulla pariatur?\r\n\r\nAt vero eos et accusamus. Duis aute irure dolor in reprehenderit in voluptate velit. Esse cillum dolore eu fugiat nulla pariatur. Nihil molestiae consequatur, vel illum qui dolorem eum. Excepteur sint occaecat cupidatat non proident, sunt in culpa.\r\n\r\nCupiditate non provident, similique sunt in culpa qui officia deserunt mollitia. Neque porro quisquam est, qui dolorem ipsum quia dolor sit amet, consectetur, adipisci velit. Fugiat quo voluptas nulla pariatur?\r\n\r\nExcepteur sint occaecat cupidatat non proident, sunt in culpa. Et iusto odio dignissimos ducimus qui blanditiis praesentium voluptatum deleniti atque. Non numquam eius modi tempora incidunt ut labore et dolore magnam aliquam quaerat voluptatem.\r\n\r\nUt enim ad minim veniam, quis nostrud exercitation ullamco. Esse cillum dolore eu fugiat nulla pariatur. Do eiusmod tempor incididunt ut labore et dolore magna aliqua. Fugiat quo voluptas nulla pariatur?', '2020-06-24 14:02:46', NULL, 1),
(6, 'Nouvelle article 6', 'Chapô de l\'article 6', 'Lorem ipsum dolor sit amet, consectetur adipisicing elit.\r\nLorem ipsum dolor sit amet, consectetur adipisicing elit. Temporibus autem quibusdam et aut officiis debitis aut rerum necessitatibus saepe eveniet ut et voluptates repudiandae sint et molestiae non recusandae.\r\n\r\nTotam rem aperiam. Neque porro quisquam est, qui dolorem ipsum quia dolor sit amet, consectetur, adipisci velit. Nemo enim ipsam voluptatem quia voluptas sit aspernatur aut odit aut fugit. Itaque earum rerum hic tenetur a sapiente delectus.\r\n\r\nSed ut perspiciatis unde omnis iste natus error sit voluptatem.\r\nLorem ipsum dolor sit amet, consectetur adipisicing elit. Fugiat quo voluptas nulla pariatur? Laboris nisi ut aliquip ex ea commodo consequat. Lorem ipsum dolor sit amet, consectetur adipisicing elit. Facere possimus, omnis voluptas assumenda est, omnis dolor repellendus.\r\n\r\nTemporibus autem quibusdam et aut officiis debitis aut rerum necessitatibus saepe eveniet ut et voluptates repudiandae sint et molestiae non recusandae.\r\nUt enim ad minim veniam, quis nostrud exercitation ullamco.\r\nDuis aute irure dolor in reprehenderit in voluptate velit.\r\nFugiat quo voluptas nulla pariatur?\r\nExcepteur sint occaecat cupidatat non proident, sunt in culpa. Fugiat quo voluptas nulla pariatur? Lorem ipsum dolor sit amet, consectetur adipisicing elit. Ut aut reiciendis voluptatibus maiores alias consequatur aut perferendis doloribus asperiores repellat.\r\n\r\nCupiditate non provident, similique sunt in culpa qui officia deserunt mollitia.\r\nNeque porro quisquam est, qui dolorem ipsum quia dolor sit amet, consectetur, adipisci velit.\r\nExcepteur sint occaecat cupidatat non proident, sunt in culpa.\r\nAt vero eos et accusamus. Duis aute irure dolor in reprehenderit in voluptate velit. Facere possimus, omnis voluptas assumenda est, omnis dolor repellendus. Sed ut perspiciatis unde omnis iste natus error sit voluptatem.\r\n\r\nItaque earum rerum hic tenetur a sapiente delectus. Neque porro quisquam est, qui dolorem ipsum quia dolor sit amet, consectetur, adipisci velit. Animi, id est laborum et dolorum fuga. At vero eos et accusamus.\r\n\r\nArchitecto beatae vitae dicta sunt explicabo. At vero eos et accusamus. Accusantium doloremque laudantium, totam rem aperiam, eaque ipsa quae ab illo. Ut enim ad minim veniam, quis nostrud exercitation ullamco.\r\n\r\nAnimi, id est laborum et dolorum fuga. Et harum quidem rerum facilis est et expedita distinctio. Nihil molestiae consequatur, vel illum qui dolorem eum. Non numquam eius modi tempora incidunt ut labore et dolore magnam aliquam quaerat voluptatem.\r\n\r\nUt aut reiciendis voluptatibus maiores alias consequatur aut perferendis doloribus asperiores repellat. Lorem ipsum dolor sit amet, consectetur adipisicing elit. Duis aute irure dolor in reprehenderit in voluptate velit.\r\n\r\nAt vero eos et accusamus. Sed ut perspiciatis unde omnis iste natus error sit voluptatem. Fugiat quo voluptas nulla pariatur? Cupiditate non provident, similique sunt in culpa qui officia deserunt mollitia.\r\n\r\nAt vero eos et accusamus. Architecto beatae vitae dicta sunt explicabo. Nisi ut aliquid ex ea commodi consequatur? Quis autem vel eum iure reprehenderit qui in ea voluptate velit esse quam. Fugiat quo voluptas nulla pariatur?\r\n\r\nAt vero eos et accusamus. Duis aute irure dolor in reprehenderit in voluptate velit. Esse cillum dolore eu fugiat nulla pariatur. Nihil molestiae consequatur, vel illum qui dolorem eum. Excepteur sint occaecat cupidatat non proident, sunt in culpa.\r\n\r\nCupiditate non provident, similique sunt in culpa qui officia deserunt mollitia. Neque porro quisquam est, qui dolorem ipsum quia dolor sit amet, consectetur, adipisci velit. Fugiat quo voluptas nulla pariatur?\r\n\r\nExcepteur sint occaecat cupidatat non proident, sunt in culpa. Et iusto odio dignissimos ducimus qui blanditiis praesentium voluptatum deleniti atque. Non numquam eius modi tempora incidunt ut labore et dolore magnam aliquam quaerat voluptatem.\r\n\r\nUt enim ad minim veniam, quis nostrud exercitation ullamco. Esse cillum dolore eu fugiat nulla pariatur. Do eiusmod tempor incididunt ut labore et dolore magna aliqua. Fugiat quo voluptas nulla pariatur?', '2020-06-24 14:03:04', NULL, 1),
(7, 'Nouvelle article 7', 'Chapô de l\'article 7', 'Lorem ipsum dolor sit amet, consectetur adipisicing elit.\r\nLorem ipsum dolor sit amet, consectetur adipisicing elit. Temporibus autem quibusdam et aut officiis debitis aut rerum necessitatibus saepe eveniet ut et voluptates repudiandae sint et molestiae non recusandae.\r\n\r\nTotam rem aperiam. Neque porro quisquam est, qui dolorem ipsum quia dolor sit amet, consectetur, adipisci velit. Nemo enim ipsam voluptatem quia voluptas sit aspernatur aut odit aut fugit. Itaque earum rerum hic tenetur a sapiente delectus.\r\n\r\nSed ut perspiciatis unde omnis iste natus error sit voluptatem.\r\nLorem ipsum dolor sit amet, consectetur adipisicing elit. Fugiat quo voluptas nulla pariatur? Laboris nisi ut aliquip ex ea commodo consequat. Lorem ipsum dolor sit amet, consectetur adipisicing elit. Facere possimus, omnis voluptas assumenda est, omnis dolor repellendus.\r\n\r\nTemporibus autem quibusdam et aut officiis debitis aut rerum necessitatibus saepe eveniet ut et voluptates repudiandae sint et molestiae non recusandae.\r\nUt enim ad minim veniam, quis nostrud exercitation ullamco.\r\nDuis aute irure dolor in reprehenderit in voluptate velit.\r\nFugiat quo voluptas nulla pariatur?\r\nExcepteur sint occaecat cupidatat non proident, sunt in culpa. Fugiat quo voluptas nulla pariatur? Lorem ipsum dolor sit amet, consectetur adipisicing elit. Ut aut reiciendis voluptatibus maiores alias consequatur aut perferendis doloribus asperiores repellat.\r\n\r\nCupiditate non provident, similique sunt in culpa qui officia deserunt mollitia.\r\nNeque porro quisquam est, qui dolorem ipsum quia dolor sit amet, consectetur, adipisci velit.\r\nExcepteur sint occaecat cupidatat non proident, sunt in culpa.\r\nAt vero eos et accusamus. Duis aute irure dolor in reprehenderit in voluptate velit. Facere possimus, omnis voluptas assumenda est, omnis dolor repellendus. Sed ut perspiciatis unde omnis iste natus error sit voluptatem.\r\n\r\nItaque earum rerum hic tenetur a sapiente delectus. Neque porro quisquam est, qui dolorem ipsum quia dolor sit amet, consectetur, adipisci velit. Animi, id est laborum et dolorum fuga. At vero eos et accusamus.\r\n\r\nArchitecto beatae vitae dicta sunt explicabo. At vero eos et accusamus. Accusantium doloremque laudantium, totam rem aperiam, eaque ipsa quae ab illo. Ut enim ad minim veniam, quis nostrud exercitation ullamco.\r\n\r\nAnimi, id est laborum et dolorum fuga. Et harum quidem rerum facilis est et expedita distinctio. Nihil molestiae consequatur, vel illum qui dolorem eum. Non numquam eius modi tempora incidunt ut labore et dolore magnam aliquam quaerat voluptatem.\r\n\r\nUt aut reiciendis voluptatibus maiores alias consequatur aut perferendis doloribus asperiores repellat. Lorem ipsum dolor sit amet, consectetur adipisicing elit. Duis aute irure dolor in reprehenderit in voluptate velit.\r\n\r\nAt vero eos et accusamus. Sed ut perspiciatis unde omnis iste natus error sit voluptatem. Fugiat quo voluptas nulla pariatur? Cupiditate non provident, similique sunt in culpa qui officia deserunt mollitia.\r\n\r\nAt vero eos et accusamus. Architecto beatae vitae dicta sunt explicabo. Nisi ut aliquid ex ea commodi consequatur? Quis autem vel eum iure reprehenderit qui in ea voluptate velit esse quam. Fugiat quo voluptas nulla pariatur?\r\n\r\nAt vero eos et accusamus. Duis aute irure dolor in reprehenderit in voluptate velit. Esse cillum dolore eu fugiat nulla pariatur. Nihil molestiae consequatur, vel illum qui dolorem eum. Excepteur sint occaecat cupidatat non proident, sunt in culpa.\r\n\r\nCupiditate non provident, similique sunt in culpa qui officia deserunt mollitia. Neque porro quisquam est, qui dolorem ipsum quia dolor sit amet, consectetur, adipisci velit. Fugiat quo voluptas nulla pariatur?\r\n\r\nExcepteur sint occaecat cupidatat non proident, sunt in culpa. Et iusto odio dignissimos ducimus qui blanditiis praesentium voluptatum deleniti atque. Non numquam eius modi tempora incidunt ut labore et dolore magnam aliquam quaerat voluptatem.\r\n\r\nUt enim ad minim veniam, quis nostrud exercitation ullamco. Esse cillum dolore eu fugiat nulla pariatur. Do eiusmod tempor incididunt ut labore et dolore magna aliqua. Fugiat quo voluptas nulla pariatur?', '2020-06-24 14:03:18', NULL, 1),
(8, 'Nouvelle article 8', 'Chapô de l\'article 8', 'Lorem ipsum dolor sit amet, consectetur adipisicing elit.\r\nLorem ipsum dolor sit amet, consectetur adipisicing elit. Temporibus autem quibusdam et aut officiis debitis aut rerum necessitatibus saepe eveniet ut et voluptates repudiandae sint et molestiae non recusandae.\r\n\r\nTotam rem aperiam. Neque porro quisquam est, qui dolorem ipsum quia dolor sit amet, consectetur, adipisci velit. Nemo enim ipsam voluptatem quia voluptas sit aspernatur aut odit aut fugit. Itaque earum rerum hic tenetur a sapiente delectus.\r\n\r\nSed ut perspiciatis unde omnis iste natus error sit voluptatem.\r\nLorem ipsum dolor sit amet, consectetur adipisicing elit. Fugiat quo voluptas nulla pariatur? Laboris nisi ut aliquip ex ea commodo consequat. Lorem ipsum dolor sit amet, consectetur adipisicing elit. Facere possimus, omnis voluptas assumenda est, omnis dolor repellendus.\r\n\r\nTemporibus autem quibusdam et aut officiis debitis aut rerum necessitatibus saepe eveniet ut et voluptates repudiandae sint et molestiae non recusandae.\r\nUt enim ad minim veniam, quis nostrud exercitation ullamco.\r\nDuis aute irure dolor in reprehenderit in voluptate velit.\r\nFugiat quo voluptas nulla pariatur?\r\nExcepteur sint occaecat cupidatat non proident, sunt in culpa. Fugiat quo voluptas nulla pariatur? Lorem ipsum dolor sit amet, consectetur adipisicing elit. Ut aut reiciendis voluptatibus maiores alias consequatur aut perferendis doloribus asperiores repellat.\r\n\r\nCupiditate non provident, similique sunt in culpa qui officia deserunt mollitia.\r\nNeque porro quisquam est, qui dolorem ipsum quia dolor sit amet, consectetur, adipisci velit.\r\nExcepteur sint occaecat cupidatat non proident, sunt in culpa.\r\nAt vero eos et accusamus. Duis aute irure dolor in reprehenderit in voluptate velit. Facere possimus, omnis voluptas assumenda est, omnis dolor repellendus. Sed ut perspiciatis unde omnis iste natus error sit voluptatem.\r\n\r\nItaque earum rerum hic tenetur a sapiente delectus. Neque porro quisquam est, qui dolorem ipsum quia dolor sit amet, consectetur, adipisci velit. Animi, id est laborum et dolorum fuga. At vero eos et accusamus.\r\n\r\nArchitecto beatae vitae dicta sunt explicabo. At vero eos et accusamus. Accusantium doloremque laudantium, totam rem aperiam, eaque ipsa quae ab illo. Ut enim ad minim veniam, quis nostrud exercitation ullamco.\r\n\r\nAnimi, id est laborum et dolorum fuga. Et harum quidem rerum facilis est et expedita distinctio. Nihil molestiae consequatur, vel illum qui dolorem eum. Non numquam eius modi tempora incidunt ut labore et dolore magnam aliquam quaerat voluptatem.\r\n\r\nUt aut reiciendis voluptatibus maiores alias consequatur aut perferendis doloribus asperiores repellat. Lorem ipsum dolor sit amet, consectetur adipisicing elit. Duis aute irure dolor in reprehenderit in voluptate velit.\r\n\r\nAt vero eos et accusamus. Sed ut perspiciatis unde omnis iste natus error sit voluptatem. Fugiat quo voluptas nulla pariatur? Cupiditate non provident, similique sunt in culpa qui officia deserunt mollitia.\r\n\r\nAt vero eos et accusamus. Architecto beatae vitae dicta sunt explicabo. Nisi ut aliquid ex ea commodi consequatur? Quis autem vel eum iure reprehenderit qui in ea voluptate velit esse quam. Fugiat quo voluptas nulla pariatur?\r\n\r\nAt vero eos et accusamus. Duis aute irure dolor in reprehenderit in voluptate velit. Esse cillum dolore eu fugiat nulla pariatur. Nihil molestiae consequatur, vel illum qui dolorem eum. Excepteur sint occaecat cupidatat non proident, sunt in culpa.\r\n\r\nCupiditate non provident, similique sunt in culpa qui officia deserunt mollitia. Neque porro quisquam est, qui dolorem ipsum quia dolor sit amet, consectetur, adipisci velit. Fugiat quo voluptas nulla pariatur?\r\n\r\nExcepteur sint occaecat cupidatat non proident, sunt in culpa. Et iusto odio dignissimos ducimus qui blanditiis praesentium voluptatum deleniti atque. Non numquam eius modi tempora incidunt ut labore et dolore magnam aliquam quaerat voluptatem.\r\n\r\nUt enim ad minim veniam, quis nostrud exercitation ullamco. Esse cillum dolore eu fugiat nulla pariatur. Do eiusmod tempor incididunt ut labore et dolore magna aliqua. Fugiat quo voluptas nulla pariatur?', '2020-06-24 14:03:31', NULL, 1),
(9, 'Nouvelle article 9', 'Chapô de l\'article 9', 'Lorem ipsum dolor sit amet, consectetur adipisicing elit.\r\nLorem ipsum dolor sit amet, consectetur adipisicing elit. Temporibus autem quibusdam et aut officiis debitis aut rerum necessitatibus saepe eveniet ut et voluptates repudiandae sint et molestiae non recusandae.\r\n\r\nTotam rem aperiam. Neque porro quisquam est, qui dolorem ipsum quia dolor sit amet, consectetur, adipisci velit. Nemo enim ipsam voluptatem quia voluptas sit aspernatur aut odit aut fugit. Itaque earum rerum hic tenetur a sapiente delectus.\r\n\r\nSed ut perspiciatis unde omnis iste natus error sit voluptatem.\r\nLorem ipsum dolor sit amet, consectetur adipisicing elit. Fugiat quo voluptas nulla pariatur? Laboris nisi ut aliquip ex ea commodo consequat. Lorem ipsum dolor sit amet, consectetur adipisicing elit. Facere possimus, omnis voluptas assumenda est, omnis dolor repellendus.\r\n\r\nTemporibus autem quibusdam et aut officiis debitis aut rerum necessitatibus saepe eveniet ut et voluptates repudiandae sint et molestiae non recusandae.\r\nUt enim ad minim veniam, quis nostrud exercitation ullamco.\r\nDuis aute irure dolor in reprehenderit in voluptate velit.\r\nFugiat quo voluptas nulla pariatur?\r\nExcepteur sint occaecat cupidatat non proident, sunt in culpa. Fugiat quo voluptas nulla pariatur? Lorem ipsum dolor sit amet, consectetur adipisicing elit. Ut aut reiciendis voluptatibus maiores alias consequatur aut perferendis doloribus asperiores repellat.\r\n\r\nCupiditate non provident, similique sunt in culpa qui officia deserunt mollitia.\r\nNeque porro quisquam est, qui dolorem ipsum quia dolor sit amet, consectetur, adipisci velit.\r\nExcepteur sint occaecat cupidatat non proident, sunt in culpa.\r\nAt vero eos et accusamus. Duis aute irure dolor in reprehenderit in voluptate velit. Facere possimus, omnis voluptas assumenda est, omnis dolor repellendus. Sed ut perspiciatis unde omnis iste natus error sit voluptatem.\r\n\r\nItaque earum rerum hic tenetur a sapiente delectus. Neque porro quisquam est, qui dolorem ipsum quia dolor sit amet, consectetur, adipisci velit. Animi, id est laborum et dolorum fuga. At vero eos et accusamus.\r\n\r\nArchitecto beatae vitae dicta sunt explicabo. At vero eos et accusamus. Accusantium doloremque laudantium, totam rem aperiam, eaque ipsa quae ab illo. Ut enim ad minim veniam, quis nostrud exercitation ullamco.\r\n\r\nAnimi, id est laborum et dolorum fuga. Et harum quidem rerum facilis est et expedita distinctio. Nihil molestiae consequatur, vel illum qui dolorem eum. Non numquam eius modi tempora incidunt ut labore et dolore magnam aliquam quaerat voluptatem.\r\n\r\nUt aut reiciendis voluptatibus maiores alias consequatur aut perferendis doloribus asperiores repellat. Lorem ipsum dolor sit amet, consectetur adipisicing elit. Duis aute irure dolor in reprehenderit in voluptate velit.\r\n\r\nAt vero eos et accusamus. Sed ut perspiciatis unde omnis iste natus error sit voluptatem. Fugiat quo voluptas nulla pariatur? Cupiditate non provident, similique sunt in culpa qui officia deserunt mollitia.\r\n\r\nAt vero eos et accusamus. Architecto beatae vitae dicta sunt explicabo. Nisi ut aliquid ex ea commodi consequatur? Quis autem vel eum iure reprehenderit qui in ea voluptate velit esse quam. Fugiat quo voluptas nulla pariatur?\r\n\r\nAt vero eos et accusamus. Duis aute irure dolor in reprehenderit in voluptate velit. Esse cillum dolore eu fugiat nulla pariatur. Nihil molestiae consequatur, vel illum qui dolorem eum. Excepteur sint occaecat cupidatat non proident, sunt in culpa.\r\n\r\nCupiditate non provident, similique sunt in culpa qui officia deserunt mollitia. Neque porro quisquam est, qui dolorem ipsum quia dolor sit amet, consectetur, adipisci velit. Fugiat quo voluptas nulla pariatur?\r\n\r\nExcepteur sint occaecat cupidatat non proident, sunt in culpa. Et iusto odio dignissimos ducimus qui blanditiis praesentium voluptatum deleniti atque. Non numquam eius modi tempora incidunt ut labore et dolore magnam aliquam quaerat voluptatem.\r\n\r\nUt enim ad minim veniam, quis nostrud exercitation ullamco. Esse cillum dolore eu fugiat nulla pariatur. Do eiusmod tempor incididunt ut labore et dolore magna aliqua. Fugiat quo voluptas nulla pariatur?', '2020-06-24 14:05:14', NULL, 2),
(10, 'Nouvelle article 10', 'Chapô de l\'article 10', 'Lorem ipsum dolor sit amet, consectetur adipisicing elit.\r\nLorem ipsum dolor sit amet, consectetur adipisicing elit. Temporibus autem quibusdam et aut officiis debitis aut rerum necessitatibus saepe eveniet ut et voluptates repudiandae sint et molestiae non recusandae.\r\n\r\nTotam rem aperiam. Neque porro quisquam est, qui dolorem ipsum quia dolor sit amet, consectetur, adipisci velit. Nemo enim ipsam voluptatem quia voluptas sit aspernatur aut odit aut fugit. Itaque earum rerum hic tenetur a sapiente delectus.\r\n\r\nSed ut perspiciatis unde omnis iste natus error sit voluptatem.\r\nLorem ipsum dolor sit amet, consectetur adipisicing elit. Fugiat quo voluptas nulla pariatur? Laboris nisi ut aliquip ex ea commodo consequat. Lorem ipsum dolor sit amet, consectetur adipisicing elit. Facere possimus, omnis voluptas assumenda est, omnis dolor repellendus.\r\n\r\nTemporibus autem quibusdam et aut officiis debitis aut rerum necessitatibus saepe eveniet ut et voluptates repudiandae sint et molestiae non recusandae.\r\nUt enim ad minim veniam, quis nostrud exercitation ullamco.\r\nDuis aute irure dolor in reprehenderit in voluptate velit.\r\nFugiat quo voluptas nulla pariatur?\r\nExcepteur sint occaecat cupidatat non proident, sunt in culpa. Fugiat quo voluptas nulla pariatur? Lorem ipsum dolor sit amet, consectetur adipisicing elit. Ut aut reiciendis voluptatibus maiores alias consequatur aut perferendis doloribus asperiores repellat.\r\n\r\nCupiditate non provident, similique sunt in culpa qui officia deserunt mollitia.\r\nNeque porro quisquam est, qui dolorem ipsum quia dolor sit amet, consectetur, adipisci velit.\r\nExcepteur sint occaecat cupidatat non proident, sunt in culpa.\r\nAt vero eos et accusamus. Duis aute irure dolor in reprehenderit in voluptate velit. Facere possimus, omnis voluptas assumenda est, omnis dolor repellendus. Sed ut perspiciatis unde omnis iste natus error sit voluptatem.\r\n\r\nItaque earum rerum hic tenetur a sapiente delectus. Neque porro quisquam est, qui dolorem ipsum quia dolor sit amet, consectetur, adipisci velit. Animi, id est laborum et dolorum fuga. At vero eos et accusamus.\r\n\r\nArchitecto beatae vitae dicta sunt explicabo. At vero eos et accusamus. Accusantium doloremque laudantium, totam rem aperiam, eaque ipsa quae ab illo. Ut enim ad minim veniam, quis nostrud exercitation ullamco.\r\n\r\nAnimi, id est laborum et dolorum fuga. Et harum quidem rerum facilis est et expedita distinctio. Nihil molestiae consequatur, vel illum qui dolorem eum. Non numquam eius modi tempora incidunt ut labore et dolore magnam aliquam quaerat voluptatem.\r\n\r\nUt aut reiciendis voluptatibus maiores alias consequatur aut perferendis doloribus asperiores repellat. Lorem ipsum dolor sit amet, consectetur adipisicing elit. Duis aute irure dolor in reprehenderit in voluptate velit.\r\n\r\nAt vero eos et accusamus. Sed ut perspiciatis unde omnis iste natus error sit voluptatem. Fugiat quo voluptas nulla pariatur? Cupiditate non provident, similique sunt in culpa qui officia deserunt mollitia.\r\n\r\nAt vero eos et accusamus. Architecto beatae vitae dicta sunt explicabo. Nisi ut aliquid ex ea commodi consequatur? Quis autem vel eum iure reprehenderit qui in ea voluptate velit esse quam. Fugiat quo voluptas nulla pariatur?\r\n\r\nAt vero eos et accusamus. Duis aute irure dolor in reprehenderit in voluptate velit. Esse cillum dolore eu fugiat nulla pariatur. Nihil molestiae consequatur, vel illum qui dolorem eum. Excepteur sint occaecat cupidatat non proident, sunt in culpa.\r\n\r\nCupiditate non provident, similique sunt in culpa qui officia deserunt mollitia. Neque porro quisquam est, qui dolorem ipsum quia dolor sit amet, consectetur, adipisci velit. Fugiat quo voluptas nulla pariatur?\r\n\r\nExcepteur sint occaecat cupidatat non proident, sunt in culpa. Et iusto odio dignissimos ducimus qui blanditiis praesentium voluptatum deleniti atque. Non numquam eius modi tempora incidunt ut labore et dolore magnam aliquam quaerat voluptatem.\r\n\r\nUt enim ad minim veniam, quis nostrud exercitation ullamco. Esse cillum dolore eu fugiat nulla pariatur. Do eiusmod tempor incididunt ut labore et dolore magna aliqua. Fugiat quo voluptas nulla pariatur?', '2020-06-24 14:05:25', NULL, 2),
(11, 'Nouvelle article 11', 'Chapô de l\'article 11', 'Ce texte à été modifié par admin1.\r\nLorem ipsum dolor sit amet, consectetur adipisicing elit.\r\nLorem ipsum dolor sit amet, consectetur adipisicing elit. Temporibus autem quibusdam et aut officiis debitis aut rerum necessitatibus saepe eveniet ut et voluptates repudiandae sint et molestiae non recusandae.\r\n\r\nTotam rem aperiam. Neque porro quisquam est, qui dolorem ipsum quia dolor sit amet, consectetur, adipisci velit. Nemo enim ipsam voluptatem quia voluptas sit aspernatur aut odit aut fugit. Itaque earum rerum hic tenetur a sapiente delectus.\r\n\r\nSed ut perspiciatis unde omnis iste natus error sit voluptatem.\r\nLorem ipsum dolor sit amet, consectetur adipisicing elit. Fugiat quo voluptas nulla pariatur? Laboris nisi ut aliquip ex ea commodo consequat. Lorem ipsum dolor sit amet, consectetur adipisicing elit. Facere possimus, omnis voluptas assumenda est, omnis dolor repellendus.\r\n\r\nTemporibus autem quibusdam et aut officiis debitis aut rerum necessitatibus saepe eveniet ut et voluptates repudiandae sint et molestiae non recusandae.\r\nUt enim ad minim veniam, quis nostrud exercitation ullamco.\r\nDuis aute irure dolor in reprehenderit in voluptate velit.\r\nFugiat quo voluptas nulla pariatur?\r\nExcepteur sint occaecat cupidatat non proident, sunt in culpa. Fugiat quo voluptas nulla pariatur? Lorem ipsum dolor sit amet, consectetur adipisicing elit. Ut aut reiciendis voluptatibus maiores alias consequatur aut perferendis doloribus asperiores repellat.\r\n\r\nCupiditate non provident, similique sunt in culpa qui officia deserunt mollitia.\r\nNeque porro quisquam est, qui dolorem ipsum quia dolor sit amet, consectetur, adipisci velit.\r\nExcepteur sint occaecat cupidatat non proident, sunt in culpa.\r\nAt vero eos et accusamus. Duis aute irure dolor in reprehenderit in voluptate velit. Facere possimus, omnis voluptas assumenda est, omnis dolor repellendus. Sed ut perspiciatis unde omnis iste natus error sit voluptatem.\r\n\r\nItaque earum rerum hic tenetur a sapiente delectus. Neque porro quisquam est, qui dolorem ipsum quia dolor sit amet, consectetur, adipisci velit. Animi, id est laborum et dolorum fuga. At vero eos et accusamus.\r\n\r\nArchitecto beatae vitae dicta sunt explicabo. At vero eos et accusamus. Accusantium doloremque laudantium, totam rem aperiam, eaque ipsa quae ab illo. Ut enim ad minim veniam, quis nostrud exercitation ullamco.\r\n\r\nAnimi, id est laborum et dolorum fuga. Et harum quidem rerum facilis est et expedita distinctio. Nihil molestiae consequatur, vel illum qui dolorem eum. Non numquam eius modi tempora incidunt ut labore et dolore magnam aliquam quaerat voluptatem.\r\n\r\nUt aut reiciendis voluptatibus maiores alias consequatur aut perferendis doloribus asperiores repellat. Lorem ipsum dolor sit amet, consectetur adipisicing elit. Duis aute irure dolor in reprehenderit in voluptate velit.\r\n\r\nAt vero eos et accusamus. Sed ut perspiciatis unde omnis iste natus error sit voluptatem. Fugiat quo voluptas nulla pariatur? Cupiditate non provident, similique sunt in culpa qui officia deserunt mollitia.\r\n\r\nAt vero eos et accusamus. Architecto beatae vitae dicta sunt explicabo. Nisi ut aliquid ex ea commodi consequatur? Quis autem vel eum iure reprehenderit qui in ea voluptate velit esse quam. Fugiat quo voluptas nulla pariatur?\r\n\r\nAt vero eos et accusamus. Duis aute irure dolor in reprehenderit in voluptate velit. Esse cillum dolore eu fugiat nulla pariatur. Nihil molestiae consequatur, vel illum qui dolorem eum. Excepteur sint occaecat cupidatat non proident, sunt in culpa.\r\n\r\nCupiditate non provident, similique sunt in culpa qui officia deserunt mollitia. Neque porro quisquam est, qui dolorem ipsum quia dolor sit amet, consectetur, adipisci velit. Fugiat quo voluptas nulla pariatur?\r\n\r\nExcepteur sint occaecat cupidatat non proident, sunt in culpa. Et iusto odio dignissimos ducimus qui blanditiis praesentium voluptatum deleniti atque. Non numquam eius modi tempora incidunt ut labore et dolore magnam aliquam quaerat voluptatem.\r\n\r\nUt enim ad minim veniam, quis nostrud exercitation ullamco. Esse cillum dolore eu fugiat nulla pariatur. Do eiusmod tempor incididunt ut labore et dolore magna aliqua. Fugiat quo voluptas nulla pariatur?                            ', '2020-06-24 14:05:37', '2020-06-26 16:51:04', 1);

-- --------------------------------------------------------

--
-- Structure de la table `user`
--

DROP TABLE IF EXISTS `user`;
CREATE TABLE IF NOT EXISTS `user` (
  `id_user` int(11) NOT NULL AUTO_INCREMENT,
  `user_name` varchar(255) NOT NULL,
  `email` varchar(255) NOT NULL,
  `password` varchar(255) NOT NULL,
  `user_type_id` int(11) NOT NULL,
  `date_creation` datetime NOT NULL DEFAULT CURRENT_TIMESTAMP,
  PRIMARY KEY (`id_user`),
  KEY `user_id_user_type_id` (`user_type_id`)
) ENGINE=InnoDB AUTO_INCREMENT=5 DEFAULT CHARSET=utf8;

--
-- Déchargement des données de la table `user`
--

INSERT INTO `user` (`id_user`, `user_name`, `email`, `password`, `user_type_id`, `date_creation`) VALUES
(1, 'admin1', 'admin1@email.com', '$2y$10$ZvLxkh1ifSIWSReiDKsuru8y.yj.4C9dKccVDXRTNtahHW75ZyzUm', 2, '2020-06-24 13:56:58'),
(2, 'admin2', 'admin2@email.com', '$2y$10$GxL0X33lEd56Uh.BG1TunumGE/MvG4gCOa7aNsxIGXFjNgMNQoiVu', 2, '2020-06-24 14:04:18'),
(3, 'user1', 'user1@gmail.com', '$2y$10$RPo07Be54Eh9W9kCJnaLleZTbnIK3Uz43wlz/SGPDyc5SxwajPz7i', 1, '2020-06-26 16:41:39'),
(4, 'user2', 'user2@gmail.com', '$2y$10$w9vnkpF/dTnunb2Ufn9jY.i7/Eji9xs0HTsDbp88T9UrO0dlSdW7y', 1, '2020-06-26 16:46:18');

-- --------------------------------------------------------

--
-- Structure de la table `user_type`
--

DROP TABLE IF EXISTS `user_type`;
CREATE TABLE IF NOT EXISTS `user_type` (
  `id_user_type` int(11) NOT NULL AUTO_INCREMENT,
  `value` varchar(100) NOT NULL,
  PRIMARY KEY (`id_user_type`)
) ENGINE=InnoDB AUTO_INCREMENT=3 DEFAULT CHARSET=utf8;

--
-- Déchargement des données de la table `user_type`
--

INSERT INTO `user_type` (`id_user_type`, `value`) VALUES
(1, 'user'),
(2, 'admin');

--
-- Contraintes pour les tables déchargées
--

--
-- Contraintes pour la table `comment`
--
ALTER TABLE `comment`
  ADD CONSTRAINT `id_comment_id_post` FOREIGN KEY (`post_id`) REFERENCES `post` (`id_post`) ON DELETE RESTRICT ON UPDATE RESTRICT,
  ADD CONSTRAINT `id_comment_id_user` FOREIGN KEY (`user_id`) REFERENCES `user` (`id_user`) ON DELETE RESTRICT ON UPDATE RESTRICT;

--
-- Contraintes pour la table `post`
--
ALTER TABLE `post`
  ADD CONSTRAINT `post_id_user_id` FOREIGN KEY (`user_id`) REFERENCES `user` (`id_user`) ON DELETE RESTRICT ON UPDATE RESTRICT;

--
-- Contraintes pour la table `user`
--
ALTER TABLE `user`
  ADD CONSTRAINT `user_id_user_type_id` FOREIGN KEY (`user_type_id`) REFERENCES `user_type` (`id_user_type`) ON DELETE RESTRICT ON UPDATE RESTRICT;
COMMIT;

/*!40101 SET CHARACTER_SET_CLIENT=@OLD_CHARACTER_SET_CLIENT */;
/*!40101 SET CHARACTER_SET_RESULTS=@OLD_CHARACTER_SET_RESULTS */;
/*!40101 SET COLLATION_CONNECTION=@OLD_COLLATION_CONNECTION */;
